#######################################################################################################################################
<poster></poster>
<thumbnail>http://i.imgur.com/FvmI5Sy.png</thumbnail>
<fanart>http://i.imgur.com/FJDZ13h.png</fanart>
#######################################################################################################################################

<dir>
	<title>follow me : @finalgearaddon</title>
	<link>https://pastebin.com/raw/G79bDM3U</link>
	<thumbnail>http://i.imgur.com/8EWvYDa.png</thumbnail>
	<fanart>http://i.imgur.com/FJDZ13h.png</fanart>
	<content></content>
</dir>

<dir>
	<title>Car Shows</title>
	<link>https://pastebin.com/raw/uuHRATkB</link>
	<thumbnail>http://i.imgur.com/pVRZGMj.png</thumbnail>
	<fanart>http://i.imgur.com/FJDZ13h.png</fanart>
	<content></content>
</dir>

<dir>
	<title>Car's The Star - Movies</title>
	<link>https://pastebin.com/raw/tiXdxqYU</link>
	<thumbnail>http://i.imgur.com/RZ8GYND.png</thumbnail>
	<fanart>http://i.imgur.com/FJDZ13h.png</fanart>
	<content></content>
</dir>

<dir>
	<title>Car's The Star - TV Shows</title>
	<link>https://pastebin.com/raw/Drs7KH71</link>
	<thumbnail>http://i.imgur.com/GqlsG0L.png</thumbnail>
	<fanart>http://i.imgur.com/FJDZ13h.png</fanart>
	<content></content>
</dir>

<dir>
	<title>Clarkson Collection</title>
	<link>https://pastebin.com/raw/ZbqFRamv</link>
	<thumbnail>http://i.imgur.com/EyHO8N8.png</thumbnail>
	<fanart>http://i.imgur.com/FJDZ13h.png</fanart>
	<content></content>
</dir>

<dir>
	<title>Documentaries</title>
	<link>https://pastebin.com/raw/u7Rtyqae</link>
	<thumbnail>http://i.imgur.com/8IFVIwN.png</thumbnail>
	<fanart>http://i.imgur.com/FJDZ13h.png</fanart>
	<content></content>
</dir>

<dir>
	<title>Fifth Gear</title>
	<link>https://pastebin.com/raw/rfUrp4n5</link>
	<thumbnail>http://i.imgur.com/lOQHdVp.png</thumbnail>
	<fanart>http://i.imgur.com/FJDZ13h.png</fanart>
	<content></content>
</dir>

<dir>
	<title>The Grand Tour</title>
	<link>https://pastebin.com/raw/G79bDM3U</link>
	<thumbnail>http://i.imgur.com/iSKkGXy.png</thumbnail>
	<fanart>http://i.imgur.com/FJDZ13h.png</fanart>
	<content></content>
</dir>

<dir>
	<title>Top Gear</title>
	<link>https://pastebin.com/raw/3pGfmsNN</link>
	<thumbnail>http://i.imgur.com/iqCtULF.png</thumbnail>
	<fanart>http://i.imgur.com/FJDZ13h.png</fanart>
	<content></content>
</dir>

<dir>
	<title>YouTube Channels</title>
	<link>https://pastebin.com/raw/cafWaL4U</link>
	<thumbnail>http://i.imgur.com/3khYCgb.png</thumbnail>
	<fanart>http://i.imgur.com/FJDZ13h.png</fanart>
	<content></content>
</dir>